Blueberries,
Atlas,
Raphael's Restaurant,
Zaatar Lebanese & Syrian Cuisine,
Quadro,
Sage Restaurant & Wine Bar,
Agrotikon,
Isaac Tavern,
Los Bandidos,
Liquid Cafe & Bar,
Jello Cafe Restaurant,
Zorbas Bakery,
Buono Cafe,
Coffee Island (Protaras),
Costa Coffee,
Senso Cafe,
Glasshouse Lounge Restaurant,
The Square Bar,
Pepper Bar Lounge,
The Castle Club,
Tommy's Pub,
Kitchen & Bar Van Rijn,
Teppanyaki Restaurant Sazanka,
Omelegg,
Foodhallen,
Restaurant Olijfje,
De Kas,
Ciel Bleu,
Moeders,
IJ-kantine,
The Pancake Bakery,
Momo,
De Koffieschenkerij,
Café de Jaren,
Melly's Cookies Bar,
Café de Prins,
Proeflokaal 't Blauwe Theehuis,
Winkel 43,
Screaming Beans,
Canvas,
Panama,
Boom Chicago,
Karaokebar 24K,
The Waterhole,
Cafe de Druif,
XtraCold IceBar,
AIR,
De Trut,
Bourbon Street,
Supper Club & Restaurant,
Escape,
Paradiso,
Melkweg,
Simon & Seafort's Saloon & Grill,
Orso,
Rustic Goat,
Club Paris,
Uncle Joe's Pizzeria,
Snow City Cafe,
White Spot Cafe,
Black Cup Coffee,
Kaladi Brothers Coffee,
The Kobuk,
Humpy's Great Alaskan Alehouse,
Glacier Brewhouse,
49th State Brewing,
Moose's Tooth Pub & Pizzeria,
Bear Tooth Theatrepub,
Nikolai’s Roof,
Bones Restaurant,
Metro Cafe Diner,
Busy Bee Cafe,
Holeman & Finch,
The Optimist,
Ria's Bluebird,
Flying Biscuit Cafe,
Miller Union,
Ray's In the City,
Aria,
Tomo,
Silver Skillet,
Agave Restaurant,
The Sun Dial Restaurant, Bar & View,
Bacchanalia,
JavaVino,
Joe's Coffeehouse,
Urban Grind,
Condesa Coffee,
Ok Café,
Manuel’s Tavern,
Havana Club ATL,
Eleventh Street Pub,
Barcelona Wine Bar,
Johnny’s Hideaway,
Smith’s Olde Bar,
Sanctuary Nightclub,
The Masquerade,
The Porter Beer Bar,
Red Light Cafe,
The Earl,
Blind Willie's,
Variety Playhouse,
Molly’s Yard,
The Morning Star,
Nu Delhi Lounge,
Villa Italia,
House of Zen,
Bank Square Brasserie,
James St,
Ground Espresso Bar,
Established Coffee,
Afternoon Tea at Europa Hotel,
Spoon Street,
The National Grande Cafe,
The Pocket Coffee,
Cafe Mauds,
Sinnamon Coffee,
Oliver's Coffee Bar,
Mad Hatter Café,
Crown Liquor Saloon,
White’s Tavern,
The John Hewitt,
Kelly's Cellars,
The Errigle Inn,
Duke of York,
The Belfast Empire Music Hall,
Fibber Magees,
Boombox Belfast,
Bert’s Jazz Bar,
The Cocktail Bar,
Lavery's,
Belfast Pub Crawl,
Harp Bar,
Voodoo,
Oven & Tap,
Pedaler's Pub,
The Flying Fish,
Eleven,
Table Mesa Bistro,
Table at Hickory Inn,
Blu Fish House,
Petit Bistro,
River Grill,
Tusk & Trotter American Brasserie,
Tavolo Trattoria,
The Hive at 21c Museum Hotel,
Bizzy B's Bakery,
Kennedy Coffee,
Onyx Coffee Lab,
Airship Coffee at Coler,
The Meteor Cafe,
Spark Cafe,
Ramo d'Olivo,
Bentonville Brewing Company,
The First Seat Pub & Grill,
Botanical at 8th & A,
Restaurant Influences,
Le Café du Port,
La Tupina,
Le Bar du Boucher,
Baud et Millet,
Restaurant Soléna,
C'yusha,
Wok Way,
L'Autre Salon de Thé,
Le Grand Café,
Bread Storming,
Pâtisserie Mi Cielo,
SIP Coffee Bar,
KURO espresso bar,
Aux Quatre Coins du Vin,
Calle Ocho Café Cubano,
Le Bar à Vin,
IBOAT,
Le Lucifer,
Levrette Café Bordeaux,
The Connemara Irish Pub,
Seeko'o Bar,
Jagalchi Fish Market,
Gukje Market,
Shinsegae Food Hall,
Anga Sutbul-gui,
Haeundae Milmyeon Jeonmunjeom,
Jangsusam,
Samjin Amook Main Branch,
Choryang Milmyeon,
Sinbalwon,
Jeonpo Cafe Street,
Brown Hands Baekje Cafe,
Sulbing Seomyeon,
Waveon Coffee,
OPS Haeundae,
Gwangalli Beach & Millak Waterside Park,
Galmegi Brewing Gwangan,
Gorilla Brewing Co.,
HQ Gwangan,
Haeundae Ogtap Rooftop,
The Bay 101 Yacht Club,
Piatsa Gourounaki (Nicosia),
Pyxida Fish Tavern (Nicosia),
Fat Mama's (Paphos),
Maqam Al-Sultan (Larnaca),
Ousia Lounge Cafe (Limassol),
Lighthouse Beach Bar (Paphos),
Presse Cafe (Strovolos),
Crepa Crepa (Limassol),
The Castle Club (Agia Napa),
Breeze Summer Club (Limassol),
Cleo's Cocktail Disco Bar (Peyia, Paphos),
Senior Frog's (Agia Napa),
Lost + Found Drinkery (Nicosia),
Patio Cocktail Bar (Nicosia),
The Wooden Pub (Paphos),
